{
    "loss": 3.1730165481567383,
    "accuracy": 0.5755395889282227
}