{
    "loss": 44.715457916259766,
    "accuracy": 0.5035971403121948
}